{
  "exit_mode": 0.6710153569006468,
  "stoploss_ladder_step0": 0.10773319579896316,
  "lookback_days": 0.08853301265704487,
  "volatility_multiplier_enter": 0.08328804555528545,
  "volatility_multiplier_exit_diff": 0.01830682082100621,
  "stoploss_ladder_step1_offset": 0.010594792873240163,
  "stoploss_ladder_ratio0": 0.00874768216134391,
  "target_daily_volatility": 0.006553953425685793,
  "takeprofit_ladder_step0": 0.005227139806783683
}