{
  "stoploss_ladder_step0": 0.39390118201243235,
  "exit_mode": 0.14165744417066323,
  "target_daily_volatility": 0.12915202638446321,
  "stoploss_ladder_ratio0": 0.11458310773711272,
  "lookback_days": 0.1087454440825448,
  "takeprofit_ladder_step0": 0.04433665241674853,
  "stoploss_ladder_step1_offset": 0.02832617487708012,
  "volatility_multiplier_enter": 0.027423472026009862,
  "volatility_multiplier_exit_diff": 0.01187449629294513
}