{
  "volatility_multiplier_enter": 0.6429849148315352,
  "target_daily_volatility": 0.09930902011507724,
  "exit_mode": 0.06802647144868239,
  "takeprofit_ladder_step0": 0.0556433007839187,
  "stoploss_ladder_step1_offset": 0.053542790236941196,
  "stoploss_ladder_step0": 0.04190070671735526,
  "lookback_days": 0.018475629281858887,
  "volatility_multiplier_exit_diff": 0.01467815724478448,
  "stoploss_ladder_ratio0": 0.005439009339846788
}