{
  "volatility_multiplier_enter": 0.5844017035294419,
  "exit_mode": 0.10108374455004111,
  "stoploss_ladder_ratio0": 0.06425462693549544,
  "lookback_days": 0.05242478078517826,
  "stoploss_ladder_step0": 0.04507342535090049,
  "stoploss_ladder_step1_offset": 0.04401996376088878,
  "target_daily_volatility": 0.04287625542852595,
  "takeprofit_ladder_step0": 0.03804655035836607,
  "volatility_multiplier_exit_diff": 0.02781894930116197
}