{
  "volatility_multiplier_enter": 0.3846464043955183,
  "lookback_days": 0.29833934328607303,
  "exit_mode": 0.13031864030707238,
  "takeprofit_ladder_step0": 0.09533351750317941,
  "target_daily_volatility": 0.03633097346492088,
  "stoploss_ladder_step0": 0.023223364400787455,
  "stoploss_ladder_step1_offset": 0.012794926456033718,
  "stoploss_ladder_ratio0": 0.0110045553816376,
  "volatility_multiplier_exit_diff": 0.00800827480477737
}