{
  "volatility_multiplier_enter": 0.399097555991974,
  "takeprofit_ladder_step0": 0.23106665908331542,
  "stoploss_ladder_step1_offset": 0.15684633053258587,
  "stoploss_ladder_step0": 0.07110369100346063,
  "target_daily_volatility": 0.061735226805422545,
  "lookback_days": 0.03209049548885593,
  "exit_mode": 0.02338178191594466,
  "volatility_multiplier_exit_diff": 0.018238774137967297,
  "stoploss_ladder_ratio0": 0.006439485040473735
}